<?xml version="1.0" encoding="utf-8"?>
<databaseChangeLog
    xmlns="http://www.liquibase.org/xml/ns/dbchangelog"
    xmlns:ext="http://www.liquibase.org/xml/ns/dbchangelog-ext"
    xmlns:xsi="http://www.w3.org/2001/XMLSchema-instance"
    xsi:schemaLocation="http://www.liquibase.org/xml/ns/dbchangelog http://www.liquibase.org/xml/ns/dbchangelog/dbchangelog-3.5.xsd
                        http://www.liquibase.org/xml/ns/dbchangelog-ext http://www.liquibase.org/xml/ns/dbchangelog/dbchangelog-ext.xsd">

    <changeSet id="20230311153555-1" author="uhernang">
		 <createTable tableName="Resena">
		 	 <column name="titulo" type="VARCHAR(255)" >
		 		<constraints unique="true" primaryKey="true" nullable="false"/>
		 	</column>
		 	 <column name="autor" type="VARCHAR(255)" >
		 		<constraints unique="true" primaryKey="true" nullable="false"/>
		 	</column>
		 	 <column name="nombreUsuario" type="VARCHAR(255)" >
		 		<constraints unique="true" primaryKey="true" nullable="false"/>
		 	</column>
		 	 <column name="texto" type="VARCHAR(255)" >
		 		<constraints unique="false" primaryKey="false" nullable="true"/>
		 	</column>

		 </createTable> 
    </changeSet>
</databaseChangeLog>
