{
  "baseIndentSize": 0,
  "indentSize": 2,
  "tabSize": 2,
  "indentStyle": 2,
  "newLineCharacter": "\n",
  "convertTabsToSpaces": true,
  "insertSpaceAfterCommaDelimiter": true,
  "insertSpaceAfterSemicolonInForStatements": true,
  "insertSpaceBeforeAndAfterBinaryOperators": true,
  "insertSpaceAfterConstructor": false,
  "insertSpaceAfterKeywordsInControlFlowStatements": true,
  "insertSpaceAfterFunctionKeywordForAnonymousFunctions": false,
  "insertSpaceAfterOpeningAndBeforeClosingNonemptyParenthesis": false,
  "insertSpaceAfterOpeningAndBeforeClosingNonemptyBrackets": false,
  "insertSpaceAfterOpeningAndBeforeClosingNonemptyBraces": true,
  "insertSpaceAfterOpeningAndBeforeClosingTemplateStringBraces": false,
  "insertSpaceAfterOpeningAndBeforeClosingJsxExpressionBraces": false,
  "insertSpaceAfterTypeAssertion": false,
  "insertSpaceBeforeFunctionParenthesis": false,
  "insertSpaceBeforeTypeAnnotation": false,
  "placeOpenBraceOnNewLineForFunctions": false,
  "placeOpenBraceOnNewLineForControlBlocks": false
}
